id_rapport;Nom_rapport;date_publication;Date_de_modification;Nombre_de_personne_concerne
1;rapport_1;2024-02-07;2023-05-04;1
2;rapport_2;2020-09-26;2019-08-01;1
3;rapport_3;2020-11-07;2019-04-30;6
4;rapport_4;2023-10-18;2019-08-14;2
5;rapport_5;2022-02-24;2021-05-14;4
6;rapport_6;2022-07-06;2021-04-16;4
7;rapport_7;2022-01-16;2019-09-29;4
8;rapport_8;2023-08-30;2023-05-09;3
9;rapport_9;2022-11-08;2021-08-13;6
10;rapport_10;2023-07-16;2021-08-23;2
11;rapport_11;2022-07-26;2021-06-22;2
12;rapport_12;2023-11-01;2022-12-25;4
13;rapport_13;2023-09-04;2019-09-17;6
14;rapport_14;2022-09-23;2019-09-13;2
15;rapport_15;2021-03-19;2019-05-04;1
16;rapport_16;2022-02-09;2022-01-29;6
17;rapport_17;2022-12-23;2021-12-11;3
18;rapport_18;2020-08-13;2019-11-14;5
19;rapport_19;2024-04-03;2020-09-05;3
20;rapport_20;2023-06-01;2020-01-22;4
21;rapport_21;2023-11-05;2021-08-12;5
22;rapport_22;2023-05-24;2020-01-17;1
23;rapport_23;2023-03-14;2023-02-15;3
24;rapport_24;2022-12-04;2019-08-07;3
25;rapport_25;2023-06-28;2020-02-11;6
26;rapport_26;2021-01-10;2020-03-25;2
27;rapport_27;2023-12-13;2019-06-24;2
28;rapport_28;2023-08-02;2022-09-16;2
29;rapport_29;2021-04-17;2021-04-01;6
30;rapport_30;2023-08-12;2022-01-14;5
31;rapport_31;2024-04-02;2023-09-17;2
32;rapport_32;2024-01-24;2020-07-07;1
33;rapport_33;2023-01-14;2019-07-03;4
34;rapport_34;2021-06-25;2019-07-05;1
35;rapport_35;2021-07-07;2019-05-13;6
36;rapport_36;2021-07-12;2020-06-22;6
37;rapport_37;2023-07-01;2022-07-28;4
38;rapport_38;2024-03-10;2021-05-15;2
39;rapport_39;2021-12-16;2019-05-23;4
40;rapport_40;2023-05-19;2021-02-12;4
41;rapport_41;2021-08-13;2020-11-17;3
42;rapport_42;2024-02-02;2021-05-09;6
43;rapport_43;2023-03-02;2020-04-27;1
44;rapport_44;2024-04-24;2020-07-03;1
45;rapport_45;2024-01-02;2020-10-11;4
46;rapport_46;2022-10-19;2022-04-03;3
47;rapport_47;2022-06-26;2019-07-29;4
48;rapport_48;2021-06-17;2019-09-01;6
49;rapport_49;2021-03-02;2020-09-01;1
50;rapport_50;2022-02-21;2020-09-21;2
51;rapport_51;2022-03-01;2022-02-21;2
52;rapport_52;2024-04-06;2022-10-05;6
53;rapport_53;2023-05-25;2019-11-11;2
54;rapport_54;2024-01-17;2023-03-21;3
55;rapport_55;2023-11-09;2021-01-15;6
56;rapport_56;2022-02-06;2020-11-28;4
57;rapport_57;2023-05-20;2019-05-07;2
58;rapport_58;2023-05-21;2022-10-02;4
59;rapport_59;2022-11-09;2019-10-22;1
60;rapport_60;2022-11-20;2019-12-11;4
61;rapport_61;2023-10-17;2021-09-21;3
62;rapport_62;2023-04-07;2021-04-25;2
63;rapport_63;2024-02-15;2020-02-23;3
64;rapport_64;2022-12-18;2019-10-23;2
65;rapport_65;2022-07-06;2020-12-01;1
66;rapport_66;2019-10-08;2019-09-19;2
67;rapport_67;2022-03-04;2020-09-04;1
68;rapport_68;2022-09-29;2021-10-31;2
69;rapport_69;2024-03-06;2020-12-25;2
70;rapport_70;2020-01-26;2019-06-26;1
71;rapport_71;2024-03-02;2022-08-10;5
72;rapport_72;2022-03-31;2020-12-03;5
73;rapport_73;2023-06-28;2021-02-04;3
74;rapport_74;2020-12-15;2020-10-18;3
75;rapport_75;2019-08-07;2019-07-20;1
76;rapport_76;2022-10-22;2019-10-13;2
77;rapport_77;2023-03-10;2021-02-19;3
78;rapport_78;2023-04-07;2022-05-13;4
79;rapport_79;2022-07-29;2022-04-17;1
80;rapport_80;2023-03-23;2021-06-06;2
81;rapport_81;2023-05-01;2022-10-09;1
82;rapport_82;2019-11-10;2019-06-20;2
83;rapport_83;2021-02-15;2020-12-14;3
84;rapport_84;2022-12-07;2021-10-12;1
85;rapport_85;2020-09-20;2019-10-24;4
86;rapport_86;2021-04-07;2020-08-20;2
87;rapport_87;2022-05-26;2019-04-25;1
88;rapport_88;2023-04-15;2022-04-03;2
89;rapport_89;2022-10-21;2021-09-16;5
90;rapport_90;2021-06-29;2020-02-25;1
91;rapport_91;2019-09-18;2019-06-26;5
92;rapport_92;2023-07-08;2023-04-30;2
93;rapport_93;2022-05-26;2019-10-07;3
94;rapport_94;2021-12-13;2021-11-08;3
95;rapport_95;2021-06-20;2019-07-16;6
96;rapport_96;2022-12-20;2020-11-09;3
97;rapport_97;2022-09-23;2021-03-11;4
98;rapport_98;2022-05-24;2020-12-05;2
99;rapport_99;2024-02-23;2023-08-29;4
100;rapport_100;2021-08-05;2019-07-12;2
